{
  "train": [
    -0.17164829199832204,
    {
      "epoch": 1,
      "losses": {
        "ssim": 0.02548006306431869,
        "gradient": 0.007163722052373038,
        "intensity": 0.0003358779427049104,
        "mi": -0.5408899218185295,
        "total": -0.17164829199832204
      }
    },
    -0.1896037310123332,
    {
      "epoch": 2,
      "losses": {
        "ssim": 0.02563253460205127,
        "gradient": 0.005136766073995767,
        "intensity": 0.0007208259401458889,
        "mi": -0.5404161373296091,
        "total": -0.1896037310123332
      }
    },
    -0.1905794711619396,
    {
      "epoch": 3,
      "losses": {
        "ssim": 0.024500731462575816,
        "gradient": 0.005229158565028378,
        "intensity": 0.0005582455952961654,
        "mi": -0.5403260140355379,
        "total": -0.1905794711619396
      }
    },
    -0.20347306181002503,
    {
      "epoch": 4,
      "losses": {
        "ssim": 0.024570380529859954,
        "gradient": 0.004097997365065726,
        "intensity": 0.00020503641098097762,
        "mi": -0.5400971765786603,
        "total": -0.20347306181002503
      }
    },
    -0.20485722015401883,
    {
      "epoch": 5,
      "losses": {
        "ssim": 0.02358830081192597,
        "gradient": 0.004031054297991926,
        "intensity": 0.0002108434266714448,
        "mi": -0.5396205628676871,
        "total": -0.20485722015401883
      }
    },
    -0.22076790137406044,
    {
      "epoch": 6,
      "losses": {
        "ssim": 0.019007009245548125,
        "gradient": 0.002740141647905952,
        "intensity": 0.0005045886802653472,
        "mi": -0.5393985383847149,
        "total": -0.22076790137406044
      }
    },
    -0.21263051869603625,
    {
      "epoch": 7,
      "losses": {
        "ssim": 0.020740659616367754,
        "gradient": 0.0034443395226818625,
        "intensity": 0.000370839424536024,
        "mi": -0.5393375456201976,
        "total": -0.21263051869603625
      }
    },
    -0.21870863573730487,
    {
      "epoch": 8,
      "losses": {
        "ssim": 0.014543153967327404,
        "gradient": 0.0036227837519103284,
        "intensity": 2.02042627768975e-05,
        "mi": -0.5391612975272078,
        "total": -0.21870863573730487
      }
    },
    -0.22793468975562697,
    {
      "epoch": 9,
      "losses": {
        "ssim": 0.010662951774861686,
        "gradient": 0.0029641697920152294,
        "intensity": 0.0002875098082941177,
        "mi": -0.5393537606369674,
        "total": -0.22793468975562697
      }
    },
    -0.21870681595094474,
    {
      "epoch": 10,
      "losses": {
        "ssim": 0.017277186338707416,
        "gradient": 0.00321685507839588,
        "intensity": 0.0002968961690524835,
        "mi": -0.5392740639985851,
        "total": -0.21870681595094474
      }
    }
  ],
  "val": [
    -7.182840061187744,
    {
      "epoch": 5,
      "losses": {
        "ssim": 0.8109187841415405,
        "gradient": 0.10523857921361923,
        "intensity": 0.024525752663612364,
        "mi": -18.33754692077637,
        "total": -7.182840061187744
      }
    },
    -7.5712793350219725,
    {
      "epoch": 10,
      "losses": {
        "ssim": 0.4729480743408203,
        "gradient": 0.08920158743858338,
        "intensity": 0.04432275593280792,
        "mi": -18.315714263916014,
        "total": -7.5712793350219725
      }
    }
  ]
}