{
  "train": [
    725.7990548519713,
    {
      "epoch": 1,
      "losses": {
        "ssim": 0.0731115729989704,
        "pixel": 652.6874881871423,
        "total": 725.7990548519713
      }
    },
    640.8382652803106,
    {
      "epoch": 2,
      "losses": {
        "ssim": 0.07212450531476755,
        "pixel": 568.7137589135192,
        "total": 640.8382652803106
      }
    },
    556.091181523274,
    {
      "epoch": 3,
      "losses": {
        "ssim": 0.06982698769468797,
        "pixel": 486.26420131691896,
        "total": 556.091181523274
      }
    },
    552.9900498883994,
    {
      "epoch": 4,
      "losses": {
        "ssim": 0.06917005335659225,
        "pixel": 483.8200045038701,
        "total": 552.9900498883994
      }
    },
    514.4081744509449,
    {
      "epoch": 5,
      "losses": {
        "ssim": 0.06776713778360641,
        "pixel": 446.64102564861696,
        "total": 514.4081744509449
      }
    },
    490.93752554996075,
    {
      "epoch": 6,
      "losses": {
        "ssim": 0.06645421790311896,
        "pixel": 424.4833186617761,
        "total": 490.93752554996075
      }
    },
    502.5535040552577,
    {
      "epoch": 7,
      "losses": {
        "ssim": 0.06660356433112859,
        "pixel": 435.94992578417936,
        "total": 502.5535040552577
      }
    },
    480.4257998408515,
    {
      "epoch": 8,
      "losses": {
        "ssim": 0.0656493934456722,
        "pixel": 414.7764104800675,
        "total": 480.4257998408515
      }
    },
    459.076340274487,
    {
      "epoch": 9,
      "losses": {
        "ssim": 0.06456996196911627,
        "pixel": 394.5063664202129,
        "total": 459.076340274487
      }
    },
    452.29467378323596,
    {
      "epoch": 10,
      "losses": {
        "ssim": 0.0637992351298068,
        "pixel": 388.4954257875969,
        "total": 452.29467378323596
      }
    }
  ],
  "val": [
    9802.339029947916,
    {
      "epoch": 5,
      "losses": {
        "ssim": 0.9377922912438711,
        "pixel": 8864.546875,
        "total": 9802.339029947916
      }
    },
    6226.4453125,
    {
      "epoch": 10,
      "losses": {
        "ssim": 0.8404548267523447,
        "pixel": 5385.990478515625,
        "total": 6226.4453125
      }
    }
  ]
}