{
  "train": [
    -0.13682198326023048,
    {
      "epoch": 1,
      "losses": {
        "ssim": 0.01363632453115869,
        "gradient": 0.011873746570810896,
        "intensity": 0.00551824376373212,
        "mi": -0.5935739701193773,
        "total": -0.13682198326023048
      }
    },
    -0.1217185714810238,
    {
      "epoch": 2,
      "losses": {
        "ssim": 0.014666847576818345,
        "gradient": 0.012819645417475612,
        "intensity": 0.006441001724286648,
        "mi": -0.5935737894445619,
        "total": -0.1217185714810238
      }
    },
    -0.1079336225682273,
    {
      "epoch": 3,
      "losses": {
        "ssim": 0.015744487824289357,
        "gradient": 0.014127781955778152,
        "intensity": 0.006366204497549608,
        "mi": -0.5935739123773759,
        "total": -0.1079336225682273
      }
    },
    -0.16099440351970273,
    {
      "epoch": 4,
      "losses": {
        "ssim": 0.013350498734707,
        "gradient": 0.009319417990582604,
        "intensity": 0.005849580974789963,
        "mi": -0.59357396825667,
        "total": -0.16099440351970273
      }
    },
    -0.13187621367873686,
    {
      "epoch": 5,
      "losses": {
        "ssim": 0.014221325675693529,
        "gradient": 0.012180546441778397,
        "intensity": 0.00577679479104154,
        "mi": -0.593573968376844,
        "total": -0.13187621367873686
      }
    },
    -0.1243393004110724,
    {
      "epoch": 6,
      "losses": {
        "ssim": 0.015375232501564248,
        "gradient": 0.012470174679495257,
        "intensity": 0.006474136102367782,
        "mi": -0.5935739124355837,
        "total": -0.1243393004110724
      }
    },
    -0.14115700303713846,
    {
      "epoch": 7,
      "losses": {
        "ssim": 0.013357888249530648,
        "gradient": 0.011220380117678083,
        "intensity": 0.006013664793767463,
        "mi": -0.593574027861432,
        "total": -0.14115700303713846
      }
    },
    -0.11141652207840012,
    {
      "epoch": 8,
      "losses": {
        "ssim": 0.015604550768222614,
        "gradient": 0.013784124019773362,
        "intensity": 0.006384937409541136,
        "mi": -0.5935739682603134,
        "total": -0.11141652207840012
      }
    },
    -0.13813683622448017,
    {
      "epoch": 9,
      "losses": {
        "ssim": 0.014367527042800714,
        "gradient": 0.01133639587091819,
        "intensity": 0.0061837317363582734,
        "mi": -0.5935739682584356,
        "total": -0.13813683622448017
      }
    },
    -0.10532573188979666,
    {
      "epoch": 10,
      "losses": {
        "ssim": 0.015944895343744,
        "gradient": 0.014425812707722625,
        "intensity": 0.006251653234607388,
        "mi": -0.593574027863251,
        "total": -0.10532573188979666
      }
    },
    -0.16531587930062286,
    {
      "epoch": 11,
      "losses": {
        "ssim": 0.012739822398401103,
        "gradient": 0.009118036869677723,
        "intensity": 0.005510140607072059,
        "mi": -0.5935735471824545,
        "total": -0.16531587930062286
      }
    },
    -0.18699714710307022,
    {
      "epoch": 12,
      "losses": {
        "ssim": 0.011164917070483513,
        "gradient": 0.008663890978340782,
        "intensity": 0.002180118973159145,
        "mi": -0.5914031425814321,
        "total": -0.18699714710307022
      }
    }
  ],
  "val": [
    -4.382756948471069,
    {
      "epoch": 5,
      "losses": {
        "ssim": 0.42421888560056686,
        "gradient": 0.3444850407540798,
        "intensity": 0.1897139586508274,
        "mi": -18.400792121887207,
        "total": -4.382756948471069
      }
    },
    -4.382757186889648,
    {
      "epoch": 10,
      "losses": {
        "ssim": 0.42421888560056686,
        "gradient": 0.3444850407540798,
        "intensity": 0.1897139586508274,
        "mi": -18.400792598724365,
        "total": -4.382757186889648
      }
    }
  ]
}