{
  "train": [
    0.03779004224384403,
    {
      "epoch": 1,
      "losses": {
        "ssim_loss": 0.007018070453091744,
        "grad_loss": 0.014421856586411042,
        "contest_loss": 0.002313973890515496,
        "total_loss": 0.03779004224384403
      },
      "lr": 1e-05
    },
    0.029559258532793342,
    {
      "epoch": 2,
      "losses": {
        "ssim_loss": 0.0047974562482522645,
        "grad_loss": 0.013644925902406865,
        "contest_loss": 0.0015219640263705015,
        "total_loss": 0.029559258532793342
      },
      "lr": 1e-05
    },
    0.027499289027681083,
    {
      "epoch": 3,
      "losses": {
        "ssim_loss": 0.004165228602946553,
        "grad_loss": 0.01356563406735888,
        "contest_loss": 0.001437969464047589,
        "total_loss": 0.027499289027681083
      },
      "lr": 1e-05
    },
    0.025394345291172814,
    {
      "epoch": 4,
      "losses": {
        "ssim_loss": 0.0033947622751231456,
        "grad_loss": 0.01348541653368499,
        "contest_loss": 0.001724642098096447,
        "total_loss": 0.025394345291172814
      },
      "lr": 1e-05
    },
    0.024717134828397578,
    {
      "epoch": 5,
      "losses": {
        "ssim_loss": 0.003259006892959058,
        "grad_loss": 0.013603989986185146,
        "contest_loss": 0.0013361250201585095,
        "total_loss": 0.024717134828397578
      },
      "lr": 1e-05
    },
    0.023944112157235138,
    {
      "epoch": 6,
      "losses": {
        "ssim_loss": 0.0028030688463421692,
        "grad_loss": 0.01394715921547181,
        "contest_loss": 0.0015877471589524183,
        "total_loss": 0.023944112157235138
      },
      "lr": 1e-05
    },
    0.02351196317996094,
    {
      "epoch": 7,
      "losses": {
        "ssim_loss": 0.0028339817492858818,
        "grad_loss": 0.013597797760467345,
        "contest_loss": 0.0014122212025178495,
        "total_loss": 0.02351196317996094
      },
      "lr": 1e-05
    },
    0.022996805472852436,
    {
      "epoch": 8,
      "losses": {
        "ssim_loss": 0.002581302655989512,
        "grad_loss": 0.013843522822268159,
        "contest_loss": 0.0014093748323405345,
        "total_loss": 0.022996805472852436
      },
      "lr": 1e-05
    },
    0.023198096831705456,
    {
      "epoch": 9,
      "losses": {
        "ssim_loss": 0.0026920343340345533,
        "grad_loss": 0.013405079017840453,
        "contest_loss": 0.001716916410339368,
        "total_loss": 0.023198096831705456
      },
      "lr": 1e-05
    },
    0.02209044148504457,
    {
      "epoch": 10,
      "losses": {
        "ssim_loss": 0.0024596040578136447,
        "grad_loss": 0.013207563327310776,
        "contest_loss": 0.0015040658409409596,
        "total_loss": 0.02209044148504457
      },
      "lr": 1e-05
    },
    0.02245789867252853,
    {
      "epoch": 11,
      "losses": {
        "ssim_loss": 0.0023852145111998195,
        "grad_loss": 0.01358960110335802,
        "contest_loss": 0.001712654774383909,
        "total_loss": 0.02245789867252853
      },
      "lr": 1e-05
    },
    0.021469984394090452,
    {
      "epoch": 12,
      "losses": {
        "ssim_loss": 0.0023552421125433774,
        "grad_loss": 0.01321619287934972,
        "contest_loss": 0.0011880635204421291,
        "total_loss": 0.021469984394090452
      },
      "lr": 1e-05
    },
    0.02135933994984934,
    {
      "epoch": 13,
      "losses": {
        "ssim_loss": 0.002151609161134233,
        "grad_loss": 0.013353799379283004,
        "contest_loss": 0.0015507142737830205,
        "total_loss": 0.02135933994984934
      },
      "lr": 1e-05
    },
    0.021592030601764522,
    {
      "epoch": 14,
      "losses": {
        "ssim_loss": 0.002253072468201027,
        "grad_loss": 0.013413030568142496,
        "contest_loss": 0.00141978321360405,
        "total_loss": 0.021592030601764522
      },
      "lr": 1e-05
    },
    0.02144979421793832,
    {
      "epoch": 15,
      "losses": {
        "ssim_loss": 0.0021289467048307203,
        "grad_loss": 0.01385043972348769,
        "contest_loss": 0.001212515620455137,
        "total_loss": 0.02144979421793832
      },
      "lr": 1e-05
    },
    0.021986825296066142,
    {
      "epoch": 16,
      "losses": {
        "ssim_loss": 0.0024111606631390323,
        "grad_loss": 0.013489918083715751,
        "contest_loss": 0.0012634240630889015,
        "total_loss": 0.021986825296066142
      },
      "lr": 1e-05
    },
    0.021226098942293825,
    {
      "epoch": 17,
      "losses": {
        "ssim_loss": 0.0022063523816513004,
        "grad_loss": 0.013313733081987293,
        "contest_loss": 0.0012933092912823096,
        "total_loss": 0.021226098942293825
      },
      "lr": 1e-05
    },
    0.02118274476122454,
    {
      "epoch": 18,
      "losses": {
        "ssim_loss": 0.0020224031213902298,
        "grad_loss": 0.013865477051473743,
        "contest_loss": 0.001250058936938572,
        "total_loss": 0.02118274476122454
      },
      "lr": 1e-05
    },
    0.02036766510883473,
    {
      "epoch": 19,
      "losses": {
        "ssim_loss": 0.001910282604526707,
        "grad_loss": 0.013454363253008948,
        "contest_loss": 0.0011824533792236687,
        "total_loss": 0.02036766510883473
      },
      "lr": 1e-05
    },
    0.02048113940924217,
    {
      "epoch": 20,
      "losses": {
        "ssim_loss": 0.0019012266224218207,
        "grad_loss": 0.013581635172550973,
        "contest_loss": 0.0011958243769184312,
        "total_loss": 0.02048113940924217
      },
      "lr": 1e-05
    },
    0.020462347329314685,
    {
      "epoch": 21,
      "losses": {
        "ssim_loss": 0.0018612471090926057,
        "grad_loss": 0.013710245180717975,
        "contest_loss": 0.0011683616043097326,
        "total_loss": 0.020462347329314685
      },
      "lr": 1e-05
    },
    0.01990419291443145,
    {
      "epoch": 22,
      "losses": {
        "ssim_loss": 0.0016570199368529852,
        "grad_loss": 0.013502475729359392,
        "contest_loss": 0.0014306573544659513,
        "total_loss": 0.01990419291443145
      },
      "lr": 1e-05
    },
    0.019820618547210005,
    {
      "epoch": 23,
      "losses": {
        "ssim_loss": 0.0016955610952240664,
        "grad_loss": 0.013419907337460152,
        "contest_loss": 0.0013140283735809876,
        "total_loss": 0.019820618547210005
      },
      "lr": 1e-05
    },
    0.020154701839007926,
    {
      "epoch": 24,
      "losses": {
        "ssim_loss": 0.0017688200827848993,
        "grad_loss": 0.013804450265949023,
        "contest_loss": 0.0010437909483861558,
        "total_loss": 0.020154701839007926
      },
      "lr": 1e-05
    },
    0.019700521909304505,
    {
      "epoch": 25,
      "losses": {
        "ssim_loss": 0.0015965968480268638,
        "grad_loss": 0.013717611003189217,
        "contest_loss": 0.0011931197776832076,
        "total_loss": 0.019700521909304505
      },
      "lr": 1e-05
    },
    0.020005286371809507,
    {
      "epoch": 26,
      "losses": {
        "ssim_loss": 0.001686357238652045,
        "grad_loss": 0.01387216448072816,
        "contest_loss": 0.001074050158053749,
        "total_loss": 0.020005286371809507
      },
      "lr": 1e-05
    },
    0.019469595982702682,
    {
      "epoch": 27,
      "losses": {
        "ssim_loss": 0.0016187536786812734,
        "grad_loss": 0.01342810186649803,
        "contest_loss": 0.0011852330787886739,
        "total_loss": 0.019469595982702682
      },
      "lr": 1e-05
    },
    0.018724114539852,
    {
      "epoch": 28,
      "losses": {
        "ssim_loss": 0.0014397348660231508,
        "grad_loss": 0.013305991933061345,
        "contest_loss": 0.0010989182996641068,
        "total_loss": 0.018724114539852
      },
      "lr": 1e-05
    },
    0.019111245058753785,
    {
      "epoch": 29,
      "losses": {
        "ssim_loss": 0.0015371253517721063,
        "grad_loss": 0.013515487229351563,
        "contest_loss": 0.0009843819102932267,